endpoint,treatment_group,time_days,survival_probability,ci_lower,ci_upper,n_risk,n_events_at_time
Recurrence-Free Survival,Obs,0,1.0,1.0,1.0,315,0
Recurrence-Free Survival,Obs,20,0.9968253968253968,0.977679458561107,0.9995522197642882,315,1
Recurrence-Free Survival,Obs,36,0.9936507936507937,0.9748530343662286,0.9984083282859764,314,1
Recurrence-Free Survival,Obs,43,0.9904761904761904,0.9707643860596465,0.9969184822470637,313,1
Recurrence-Free Survival,Obs,45,0.9873015873015872,0.9665219695819577,0.9952151428129948,312,1
Recurrence-Free Survival,Obs,59,0.9841269841269842,0.9622872405133703,0.993362508553066,311,1
Recurrence-Free Survival,Obs,72,0.980952380952381,0.9580954760321456,0.9913975531564332,310,1
Recurrence-Free Survival,Obs,77,0.9777777777777779,0.9539532845988729,0.9893439226707729,309,1
Recurrence-Free Survival,Obs,79,0.9746031746031747,0.9498593339570746,0.9872178467298348,308,1
Recurrence-Free Survival,Obs,80,0.9682539682539684,0.9418016161552055,0.9827923280015413,307,2
Recurrence-Free Survival,Obs,85,0.9650793650793652,0.9378301876645571,0.9805084984288069,305,1
Recurrence-Free Survival,Obs,86,0.961904761904762,0.9338924424283621,0.9781849621450788,304,1
Recurrence-Free Survival,Obs,88,0.9587301587301588,0.9299854161982305,0.9758260918122047,303,1
Recurrence-Free Survival,Obs,94,0.9555555555555556,0.9261065120681393,0.9734354868099441,302,1
Recurrence-Free Survival,Obs,98,0.9523809523809524,0.9222534571364104,0.9710161530019821,301,1
Recurrence-Free Survival,Obs,99,0.946031746031746,0.9146171611250352,0.966101096073223,300,2
Recurrence-Free Survival,Obs,101,0.9428571428571428,0.9108306163561064,0.9636094198241071,298,1
Recurrence-Free Survival,Obs,102,0.9396825396825397,0.9070632486861872,0.9610972343671411,297,1
Recurrence-Free Survival,Obs,103,0.9365079365079364,0.9033138325455531,0.9585659697689964,296,1
Recurrence-Free Survival,Obs,106,0.9333333333333333,0.8995812710293606,0.9560168882702429,295,1
Recurrence-Free Survival,Obs,108,0.9301587301587302,0.8958645783675814,0.9534511107662961,294,1
Recurrence-Free Survival,Obs,109,0.9269841269841269,0.8921628652043151,0.9508696381313748,293,1
Recurrence-Free Survival,Obs,113,0.9238095238095237,0.8884753261960183,0.9482733685641771,292,1
Recurrence-Free Survival,Obs,118,0.9206349206349206,0.8848012295229487,0.9456631118279044,291,1
Recurrence-Free Survival,Obs,121,0.9174603174603174,0.8811399079815755,0.9430396010394563,290,1
Recurrence-Free Survival,Obs,122,0.9142857142857141,0.877490751387039,0.9404035025052687,289,1
Recurrence-Free Survival,Obs,127,0.911111111111111,0.8738532000649594,0.9377554239860375,288,1
Recurrence-Free Survival,Obs,131,0.9079365079365078,0.8702267392526087,0.9350959216870968,287,1
Recurrence-Free Survival,Obs,139,0.9047619047619047,0.8666108942623235,0.932425506207095,286,1
Recurrence-Free Survival,Obs,143,0.9015873015873015,0.8630052262865135,0.9297446476289665,285,1
Recurrence-Free Survival,Obs,154,0.8984126984126983,0.8594093287449891,0.9270537798999372,284,1
Recurrence-Free Survival,Obs,157,0.895238095238095,0.8558228240925864,0.9243533046184913,283,1
Recurrence-Free Survival,Obs,161,0.892063492063492,0.8522453610190625,0.9216435943237582,282,1
Recurrence-Free Survival,Obs,165,0.8857142857142857,0.8451162710435748,0.9161978304157746,281,2
Recurrence-Free Survival,Obs,166,0.8825396825396824,0.8415640519167342,0.9134624006830837,279,1
Recurrence-Free Survival,Obs,167,0.8793650793650792,0.8380196862783972,0.9107189878590397,278,1
Recurrence-Free Survival,Obs,173,0.8698412698412697,0.8274312654066337,0.90244340997833,277,3
Recurrence-Free Survival,Obs,174,0.8666666666666665,0.8239159393896728,0.8996705479855464,274,1
Recurrence-Free Survival,Obs,185,0.8603174603174601,0.816905298793129,0.8941045795287151,273,2
Recurrence-Free Survival,Obs,188,0.857142857142857,0.8134096190174803,0.8913118522631417,271,1
Recurrence-Free Survival,Obs,189,0.8539682539682539,0.8099201388260696,0.8885128654100398,270,1
Recurrence-Free Survival,Obs,201,0.8507936507936508,0.8064366986413589,0.8857077841511143,269,1
Recurrence-Free Survival,Obs,203,0.8476190476190476,0.8029591469453841,0.8828967651534094,268,1
Recurrence-Free Survival,Obs,208,0.8444444444444444,0.799487339728923,0.880079957166851,267,1
Recurrence-Free Survival,Obs,215,0.8412698412698412,0.7960211399883447,0.8772575015684915,266,1
Recurrence-Free Survival,Obs,218,0.838095238095238,0.7925604172652033,0.8744295328591657,265,1
Recurrence-Free Survival,Obs,221,0.8349206349206348,0.7891050472242334,0.8715961791175546,264,1
Recurrence-Free Survival,Obs,223,0.8317460317460317,0.7856549112659119,0.8687575624160475,263,1
Recurrence-Free Survival,Obs,227,0.8285714285714285,0.7822098961701969,0.8659137992022644,262,1
Recurrence-Free Survival,Obs,228,0.8253968253968252,0.7787698937684369,0.8630650006496476,261,1
Recurrence-Free Survival,Obs,229,0.8222222222222222,0.7753348006407821,0.8602112729801389,260,1
Recurrence-Free Survival,Obs,230,0.8126984126984126,0.7650580082123679,0.8516215093053453,259,3
Recurrence-Free Survival,Obs,237,0.8095238095238094,0.7616416036054774,0.8487490383022733,256,1
Recurrence-Free Survival,Obs,238,0.8031746031746031,0.7548220772360933,0.8429907904434852,255,2
Recurrence-Free Survival,Obs,243,0.7999999999999999,0.7514187984017046,0.8401051743611129,253,1
Recurrence-Free Survival,Obs,245,0.7968253968253968,0.7480197428766578,0.8372153320619793,252,1
Recurrence-Free Survival,Obs,256,0.7936507936507936,0.7446248395727729,0.834321336237331,251,1
Recurrence-Free Survival,Obs,257,0.7904761904761904,0.7412340201103307,0.8314232567845458,250,1
Recurrence-Free Survival,Obs,263,0.7873015873015873,0.737847218682992,0.8285211609487522,249,1
Recurrence-Free Survival,Obs,264,0.7841269841269841,0.734464371931435,0.8256151134551539,248,1
Recurrence-Free Survival,Obs,271,0.7809523809523808,0.731085418825038,0.8227051766327926,247,1
Recurrence-Free Survival,Obs,273,0.7777777777777777,0.7277103005509894,0.8197914105304187,246,1
Recurrence-Free Survival,Obs,276,0.7746031746031745,0.724338960410269,0.8168738730250711,245,1
Recurrence-Free Survival,Obs,279,0.7714285714285714,0.720971343719987,0.8139526199239223,244,1
Recurrence-Free Survival,Obs,280,0.7682539682539682,0.7176073977216156,0.8110277050598877,243,1
Recurrence-Free Survival,Obs,286,0.765079365079365,0.7142470714946877,0.8080991803814601,242,1
Recurrence-Free Survival,Obs,291,0.7619047619047619,0.7108903158755704,0.8051670960371878,241,1
Recurrence-Free Survival,Obs,294,0.7587301587301587,0.7075370833809577,0.8022315004551799,240,1
Recurrence-Free Survival,Obs,296,0.7555555555555555,0.7041873281357528,0.7992924404179901,239,1
Recurrence-Free Survival,Obs,304,0.7523809523809524,0.7008410058050393,0.7963499611332019,238,1
Recurrence-Free Survival,Obs,308,0.7492063492063492,0.6974980735298643,0.7934041063000108,237,1
Recurrence-Free Survival,Obs,315,0.746031746031746,0.6941584898665762,0.7904549181720745,236,1
Recurrence-Free Survival,Obs,334,0.7428571428571429,0.690822214729486,0.787502437616884,235,1
Recurrence-Free Survival,Obs,337,0.7396825396825397,0.6874892093366307,0.7845467041718832,234,1
Recurrence-Free Survival,Obs,344,0.7365079365079366,0.6841594361584419,0.7815877560975519,233,1
Recurrence-Free Survival,Obs,349,0.7333333333333334,0.6808328588691329,0.778625630427647,232,1
Recurrence-Free Survival,Obs,352,0.7301587301587302,0.6775094423006337,0.7756603630167846,231,1
Recurrence-Free Survival,Obs,354,0.7269841269841271,0.6741891523989151,0.7726919885855298,230,1
Recurrence-Free Survival,Obs,360,0.7238095238095239,0.6708719561825542,0.7697205407631487,229,1
Recurrence-Free Survival,Obs,362,0.7206349206349207,0.6675578217034082,0.7667460521281695,228,1
Recurrence-Free Survival,Obs,374,0.7174603174603176,0.6642467180092649,0.7637685542468818,227,1
Recurrence-Free Survival,Obs,378,0.7142857142857143,0.6609386151083575,0.7607880777099021,226,1
Recurrence-Free Survival,Obs,379,0.7111111111111111,0.6576334839356313,0.7578046521669167,225,1
Recurrence-Free Survival,Obs,382,0.707936507936508,0.6543312963206611,0.7548183063597125,224,1
Recurrence-Free Survival,Obs,384,0.7047619047619048,0.6510320249571262,0.7518290681535917,223,1
Recurrence-Free Survival,Obs,398,0.7015873015873016,0.6477356433737529,0.7488369645672667,222,1
Recurrence-Free Survival,Obs,401,0.6984126984126985,0.6444421259066428,0.7458420218013176,221,1
Recurrence-Free Survival,Obs,402,0.6952380952380953,0.6411514476729112,0.7428442652652961,220,1
Recurrence-Free Survival,Obs,406,0.6920634920634922,0.6378635845455621,0.739843719603549,219,1
Recurrence-Free Survival,Obs,411,0.688888888888889,0.6345785131295341,0.7368404087198315,218,1
Recurrence-Free Survival,Obs,433,0.6856995884773665,0.6312790593088788,0.7338219669820891,216,1
Recurrence-Free Survival,Obs,435,0.6825102880658438,0.6279824128075675,0.7308007625271288,215,1
Recurrence-Free Survival,Obs,437,0.6793209876543211,0.6246885512247035,0.727776817749784,214,1
Recurrence-Free Survival,Obs,438,0.6761316872427986,0.6213974528459983,0.7247501543716575,213,1
Recurrence-Free Survival,Obs,461,0.6729272716634488,0.6180915250365661,0.7217080077465555,211,1
Recurrence-Free Survival,Obs,480,0.6697228560840991,0.6147883796694193,0.7186631402477182,210,1
Recurrence-Free Survival,Obs,489,0.6665030346606179,0.6114701103210239,0.7156025262244686,208,1
Recurrence-Free Survival,Obs,493,0.6632832132371366,0.6081546441750832,0.7125391868155375,207,1
Recurrence-Free Survival,Obs,495,0.6600633918136553,0.6048419606873578,0.7094731417303043,206,1
Recurrence-Free Survival,Obs,496,0.656843570390174,0.6015320399615469,0.7064044100759921,205,1
Recurrence-Free Survival,Obs,499,0.6536237489666928,0.5982248627306871,0.7033330103743534,204,1
Recurrence-Free Survival,Obs,523,0.6504039275432116,0.5949204103394016,0.7002589605776159,203,1
Recurrence-Free Survival,Obs,532,0.6471841061197303,0.5916186647269578,0.6971822780837257,202,1
Recurrence-Free Survival,Obs,534,0.6439642846962491,0.588319608411093,0.6941029797509187,201,1
Recurrence-Free Survival,Obs,540,0.6407444632727679,0.5850232244725694,0.6910210819116549,200,1
Recurrence-Free Survival,Obs,542,0.6375246418492866,0.5817294965404267,0.6879366003859412,199,1
Recurrence-Free Survival,Obs,543,0.6343048204258054,0.5784384087778965,0.6848495504940744,198,1
Recurrence-Free Survival,Obs,547,0.6310849990023241,0.5751499458689475,0.6817599470688275,197,1
Recurrence-Free Survival,Obs,555,0.6278651775788429,0.5718640930054351,0.6786678044671051,196,1
Recurrence-Free Survival,Obs,561,0.6246453561553617,0.5685808358748241,0.6755731365810917,195,1
Recurrence-Free Survival,Obs,577,0.6214255347318804,0.5653001606484629,0.6724759568489139,194,1
Recurrence-Free Survival,Obs,581,0.6182057133083991,0.5620220539703804,0.6693762782648365,193,1
Recurrence-Free Survival,Obs,593,0.6149858918849179,0.5587465029465883,0.6662741133890145,192,1
Recurrence-Free Survival,Obs,608,0.6117491240328919,0.555454163863188,0.6631548888068655,190,1
Recurrence-Free Survival,Obs,625,0.6085123561808661,0.552164417193603,0.66003315612061,189,1
Recurrence-Free Survival,Obs,632,0.6052755883288401,0.5488772505911165,0.6569089270607295,188,1
Recurrence-Free Survival,Obs,659,0.6020388204768142,0.5455926521600667,0.6537822129435212,187,1
Recurrence-Free Survival,Obs,663,0.5988020526247884,0.5423106104464573,0.6506530246792847,186,1
Recurrence-Free Survival,Obs,686,0.5955476936431319,0.5390111254213378,0.6475061816645803,184,1
Recurrence-Free Survival,Obs,700,0.5922933346614755,0.5357142383809052,0.6443568378764133,183,1
Recurrence-Free Survival,Obs,702,0.5857846166981625,0.5291282149716029,0.6380506881365008,182,2
Recurrence-Free Survival,Obs,712,0.5825302577165061,0.5258390580398817,0.634893901291059,180,1
Recurrence-Free Survival,Obs,726,0.5792758987348496,0.5225524579511368,0.6317346518981213,179,1
Recurrence-Free Survival,Obs,730,0.5760215397531931,0.5192684054670058,0.6285729485682368,178,1
Recurrence-Free Survival,Obs,731,0.5727671807715367,0.5159868917532854,0.6254087995458335,177,1
Recurrence-Free Survival,Obs,735,0.5695128217898802,0.5127079083732364,0.6222422127148197,176,1
Recurrence-Free Survival,Obs,739,0.5662584628082238,0.5094314472812324,0.6190731956038985,175,1
Recurrence-Free Survival,Obs,748,0.5630041038265673,0.5061575008167395,0.6159017553916049,174,1
Recurrence-Free Survival,Obs,752,0.5597497448449107,0.5028860616986214,0.6127278989110756,173,1
Recurrence-Free Survival,Obs,772,0.5564953858632543,0.49961712301975353,0.6095516326545565,172,1
Recurrence-Free Survival,Obs,774,0.5532410268815978,0.4963506782419392,0.606372962777654,171,1
Recurrence-Free Survival,Obs,803,0.5499866678999414,0.4930867211911215,0.6031918951033423,170,1
Recurrence-Free Survival,Obs,835,0.546732308918285,0.4898252460528785,0.6000084351257267,169,1
Recurrence-Free Survival,Obs,855,0.5434584627570976,0.48654440784683095,0.5968055533629036,167,1
Recurrence-Free Survival,Obs,871,0.5401846165959102,0.483266107615992,0.5936002380694175,166,1
Recurrence-Free Survival,Obs,912,0.5368908079581304,0.4799679796680883,0.5903750412630246,164,1
Recurrence-Free Survival,Obs,930,0.5335969993203504,0.4766724484953356,0.5871473669893322,163,1
Recurrence-Free Survival,Obs,975,0.5303031906825705,0.47337950885694413,0.5839172197307201,162,1
Recurrence-Free Survival,Obs,1020,0.5270093820447905,0.4700891558953592,0.5806846036312671,161,1
Recurrence-Free Survival,Obs,1042,0.5237155734070106,0.4668013851325293,0.5774495224994103,160,1
Recurrence-Free Survival,Obs,1057,0.5171279561314507,0.46023357416808,0.5709719787083645,159,2
Recurrence-Free Survival,Obs,1081,0.5138341474936707,0.456953526878318,0.567729522008547,157,1
Recurrence-Free Survival,Obs,1089,0.5105403388558908,0.4536760476055441,0.5644846121987916,156,1
Recurrence-Free Survival,Obs,1106,0.5072465302181108,0.45040113372321233,0.5612372514412047,155,1
Recurrence-Free Survival,Obs,1130,0.5039527215803309,0.4471287829677967,0.5579874415734404,154,1
Recurrence-Free Survival,Obs,1139,0.5006589129425509,0.44385899343698315,0.5547351841097963,153,1
Recurrence-Free Survival,Obs,1236,0.49734329100253405,0.4405675541031426,0.5514612633200144,151,1
Recurrence-Free Survival,Obs,1274,0.4940276690625171,0.4372787486210521,0.5481848380854608,150,1
Recurrence-Free Survival,Obs,1323,0.49068964427155415,0.43396772005865436,0.544886175612431,148,1
Recurrence-Free Survival,Obs,1353,0.4873516194805912,0.43065940186390567,0.5415849482179527,147,1
Recurrence-Free Survival,Obs,1432,0.48399057382900085,0.4273282598640893,0.5382608817420671,145,1
Recurrence-Free Survival,Obs,1436,0.4806295281774106,0.42399990895644263,0.5349341859771182,144,1
Recurrence-Free Survival,Obs,1446,0.4772684825258203,0.4206743482787805,0.5316048608206856,143,1
Recurrence-Free Survival,Obs,1455,0.47390743687423004,0.4173515773964452,0.5282729058010749,142,1
Recurrence-Free Survival,Obs,1466,0.47054639122263975,0.41403159630170727,0.5249383200768496,141,1
Recurrence-Free Survival,Obs,1475,0.4671853455710495,0.4107144054134924,0.5216011024361021,140,1
Recurrence-Free Survival,Obs,1535,0.4638242999194592,0.40740000557743483,0.5182612512954613,139,1
Recurrence-Free Survival,Obs,1539,0.460463254267869,0.40408839806625635,0.5149187646988364,138,1
Recurrence-Free Survival,Obs,1606,0.45710220861627865,0.40077958458047214,0.5115736403158931,137,1
Recurrence-Free Survival,Obs,1749,0.4537411629646884,0.3974735672494245,0.5082258754402632,136,1
Recurrence-Free Survival,Obs,1759,0.4503801173130981,0.3941703486326453,0.5048754669874782,135,1
Recurrence-Free Survival,Obs,1981,0.44656333665790243,0.3903617732472488,0.5011249408393438,118,1
Recurrence-Free Survival,Obs,2035,0.44254024353485827,0.3863236105034526,0.4971944579646573,111,1
Recurrence-Free Survival,Obs,2036,0.4385171504118141,0.3822914498367625,0.49325880397071953,110,1
Recurrence-Free Survival,Obs,2148,0.43394926342835777,0.3776343873870305,0.48886588238713885,96,1
Recurrence-Free Survival,Obs,2288,0.42683534107707316,0.36978615796095937,0.48259614290806013,61,1
Recurrence-Free Survival,Obs,2695,0.40743373466447896,0.3415983109862338,0.47210573554194585,22,1
Recurrence-Free Survival,Lev,0,1.0,1.0,1.0,310,0
Recurrence-Free Survival,Lev,19,0.9967741935483871,0.9773229865806872,0.999544987480556,310,1
Recurrence-Free Survival,Lev,28,0.9935379136992041,0.9744101523509611,0.9983799706634024,308,1
Recurrence-Free Survival,Lev,35,0.990301633850021,0.9702338576400149,0.9968618329019437,307,1
Recurrence-Free Survival,Lev,38,0.987065354000838,0.9659057325697564,0.9951257897587967,306,1
Recurrence-Free Survival,Lev,62,0.9805715029876745,0.9572671243616347,0.9912247066702704,304,2
Recurrence-Free Survival,Lev,72,0.9773245774810928,0.9530254356865948,0.9891254288828141,302,1
Recurrence-Free Survival,Lev,77,0.9740776519745111,0.9488347565616562,0.9869517767288275,301,1
Recurrence-Free Survival,Lev,78,0.9708307264679295,0.944690936708795,0.9847157936507044,300,1
Recurrence-Free Survival,Lev,80,0.9675838009613477,0.9405896372353341,0.9824265192583301,299,1
Recurrence-Free Survival,Lev,85,0.964336875454766,0.9365268375934899,0.9800909481062203,298,1
Recurrence-Free Survival,Lev,91,0.9610899499481843,0.9324989646137165,0.9777146267975615,297,1
Recurrence-Free Survival,Lev,98,0.9545960989350208,0.9245358919947455,0.9728568924126938,296,2
Recurrence-Free Survival,Lev,100,0.951349173428439,0.9205955917284302,0.9703822577327452,294,1
Recurrence-Free Survival,Lev,105,0.9481022479218574,0.9166799128662858,0.9678807472459325,293,1
Recurrence-Free Survival,Lev,111,0.9448553224152756,0.9127870314939265,0.9653545896033339,292,1
Recurrence-Free Survival,Lev,113,0.9383614714021122,0.9050634099369959,0.9602357746314932,291,2
Recurrence-Free Survival,Lev,116,0.9318676203889489,0.897413901382512,0.9550384497661266,289,2
Recurrence-Free Survival,Lev,119,0.9286206948823672,0.8936141687375584,0.9524135019646647,287,1
Recurrence-Free Survival,Lev,121,0.9253737693757854,0.8898298592705545,0.9497724400814935,286,1
Recurrence-Free Survival,Lev,136,0.9221268438692037,0.88606014190536,0.94711618511299,285,1
Recurrence-Free Survival,Lev,141,0.9188799183626221,0.8823042618595306,0.9444455673305444,284,1
Recurrence-Free Survival,Lev,145,0.9156329928560403,0.8785615313328955,0.941761338379575,283,1
Recurrence-Free Survival,Lev,146,0.9123860673494586,0.8748313215795506,0.9390641813730702,282,1
Recurrence-Free Survival,Lev,147,0.9091391418428769,0.8711130561268238,0.9363547193722377,281,1
Recurrence-Free Survival,Lev,157,0.9058922163362952,0.8674062049493473,0.9336335225590339,280,1
Recurrence-Free Survival,Lev,169,0.9026452908297135,0.8637102794420244,0.9309011143394624,279,1
Recurrence-Free Survival,Lev,174,0.8961514398165501,0.8563494325505112,0.925404554033781,278,2
Recurrence-Free Survival,Lev,175,0.8929045143099684,0.8526837046013735,0.9226412583596686,276,1
Recurrence-Free Survival,Lev,176,0.886410663296805,0.8453798309751663,0.9170865480016944,275,2
Recurrence-Free Survival,Lev,179,0.8831637377902233,0.8417410341214293,0.9142958189599261,273,1
Recurrence-Free Survival,Lev,181,0.8799168122836416,0.8381105982340065,0.9114965929061059,272,1
Recurrence-Free Survival,Lev,183,0.8766698867770599,0.8344882476243329,0.9086891584978484,271,1
Recurrence-Free Survival,Lev,185,0.8701760357638965,0.8272667826871158,0.9030507296209369,270,2
Recurrence-Free Survival,Lev,189,0.8669291102573149,0.8236671961077497,0.9002202273897363,268,1
Recurrence-Free Survival,Lev,191,0.8604352592441514,0.8164892343125124,0.8945377708437886,267,2
Recurrence-Free Survival,Lev,196,0.8571883337375698,0.8129104627223255,0.8916862278268058,265,1
Recurrence-Free Survival,Lev,204,0.8539414082309881,0.8093382508922504,0.8888280636242153,264,1
Recurrence-Free Survival,Lev,216,0.8506944827244063,0.8057724261730929,0.8859634568283349,263,1
Recurrence-Free Survival,Lev,218,0.8474475572178246,0.8022128248284364,0.8830925766263642,262,1
Recurrence-Free Survival,Lev,219,0.8442006317112429,0.798659291412226,0.8802155834743833,261,1
Recurrence-Free Survival,Lev,224,0.8409411698127439,0.7950955964671282,0.8773229961356849,259,1
Recurrence-Free Survival,Lev,229,0.8376817079142449,0.791537799166396,0.8744245222777136,258,1
Recurrence-Free Survival,Lev,230,0.8311627841172469,0.7844393482859261,0.8686104687357691,257,2
Recurrence-Free Survival,Lev,235,0.8279033222187479,0.7808984363085613,0.8656951495355301,255,1
Recurrence-Free Survival,Lev,246,0.8246438603202488,0.7773629043550973,0.8627744656216109,254,1
Recurrence-Free Survival,Lev,250,0.8213843984217499,0.7738326376370253,0.8598485326796819,253,1
Recurrence-Free Survival,Lev,253,0.8181249365232509,0.7703075264992537,0.8569174612129975,252,1
Recurrence-Free Survival,Lev,258,0.8148654746247519,0.7667874661122097,0.8539813568546739,251,1
Recurrence-Free Survival,Lev,260,0.8116060127262529,0.7632723561875935,0.8510403206558703,250,1
Recurrence-Free Survival,Lev,262,0.8083465508277539,0.7597621007156025,0.8480944493521132,249,1
Recurrence-Free Survival,Lev,263,0.8050870889292548,0.7562566077216768,0.8451438356097555,248,1
Recurrence-Free Survival,Lev,271,0.8018276270307558,0.7527557890410185,0.8421885682543544,247,1
Recurrence-Free Survival,Lev,274,0.7985681651322568,0.749259560109327,0.8392287324825636,246,1
Recurrence-Free Survival,Lev,276,0.7953087032337578,0.7457678397683448,0.8362644100589708,245,1
Recurrence-Free Survival,Lev,279,0.7887897794367598,0.7387976161826892,0.8303226162402225,244,2
Recurrence-Free Survival,Lev,286,0.7822708556397617,0.731844530566818,0.82436377892325,242,2
Recurrence-Free Survival,Lev,290,0.7757519318427638,0.7249080393273528,0.8183884458133173,240,2
Recurrence-Free Survival,Lev,294,0.7724924699442648,0.7214458577329419,0.8153947534174222,238,1
Recurrence-Free Survival,Lev,300,0.7692330080457658,0.7179876387408529,0.8123971244961502,237,1
Recurrence-Free Survival,Lev,313,0.7659735461472668,0.7145333250039946,0.8093956168467917,236,1
Recurrence-Free Survival,Lev,325,0.7627140842487679,0.7110828612262815,0.8063902862045864,235,1
Recurrence-Free Survival,Lev,330,0.7561951604517698,0.7041932720666116,0.800368369130121,234,2
Recurrence-Free Survival,Lev,333,0.7529356985532708,0.7007540455379957,0.7973518846754944,232,1
Recurrence-Free Survival,Lev,335,0.7496762366547719,0.697318466515433,0.7943317813445713,231,1
Recurrence-Free Survival,Lev,336,0.7464167747562729,0.6938864886683338,0.7913081058643022,230,1
Recurrence-Free Survival,Lev,337,0.7398978509592748,0.6870331589576035,0.7852502175523175,229,2
Recurrence-Free Survival,Lev,341,0.7366383890607758,0.6836117220207877,0.7822160905564488,227,1
Recurrence-Free Survival,Lev,348,0.7301194652637778,0.6767791017747068,0.7761376749641312,226,2
Recurrence-Free Survival,Lev,352,0.7268600033652788,0.6733678415402545,0.773093464027914,224,1
Recurrence-Free Survival,Lev,356,0.7203410795682809,0.666555237825034,0.7669952207096604,223,2
Recurrence-Free Survival,Lev,366,0.7170816176697818,0.6631538246547899,0.7639412587323594,221,1
Recurrence-Free Survival,Lev,369,0.7138221557712828,0.6597556260039847,0.7608841149544039,220,1
Recurrence-Free Survival,Lev,370,0.7105626938727838,0.6563606097484402,0.7578238218518328,219,1
Recurrence-Free Survival,Lev,372,0.7073032319742848,0.6529687447822158,0.7547604108807219,218,1
Recurrence-Free Survival,Lev,380,0.7040437700757859,0.6495800009817476,0.7516939125133403,217,1
Recurrence-Free Survival,Lev,386,0.7007843081772869,0.6461943491717684,0.7486243562725139,216,1
Recurrence-Free Survival,Lev,389,0.6975248462787879,0.6428117610929017,0.7455517707642975,215,1
Recurrence-Free Survival,Lev,413,0.6942653843802888,0.6394322093708386,0.7424761837090547,214,1
Recurrence-Free Survival,Lev,415,0.6910059224817899,0.6360556674870039,0.7393976219710333,213,1
Recurrence-Free Survival,Lev,429,0.6877464605832908,0.6326821097506319,0.7363161115865233,212,1
Recurrence-Free Survival,Lev,439,0.6844869986847918,0.6293115112721714,0.7332316777906751,211,1
Recurrence-Free Survival,Lev,440,0.6812275367862928,0.6259438479379485,0.7301443450430486,210,1
Recurrence-Free Survival,Lev,454,0.6779680748877938,0.6225790963860197,0.727054137051967,209,1
Recurrence-Free Survival,Lev,458,0.6747086129892949,0.6192172339831513,0.7239610767977351,208,1
Recurrence-Free Survival,Lev,465,0.6714491510907958,0.6158582388028652,0.7208651865547826,207,1
Recurrence-Free Survival,Lev,474,0.6681896891922968,0.6125020896044981,0.7177664879127911,206,1
Recurrence-Free Survival,Lev,476,0.6649302272937978,0.6091487658132195,0.7146650017968538,205,1
Recurrence-Free Survival,Lev,482,0.6616707653952988,0.60579824750096,0.71156074848672,204,1
Recurrence-Free Survival,Lev,490,0.6583951675468072,0.6024318358192242,0.7084400501240403,202,1
Recurrence-Free Survival,Lev,491,0.6551195696983156,0.5990682559644543,0.7053165765625641,201,1
Recurrence-Free Survival,Lev,498,0.6518439718498241,0.5957074888158688,0.7021903468042777,200,1
Recurrence-Free Survival,Lev,504,0.6485683740013325,0.5923495158690434,0.6990613792550447,199,1
Recurrence-Free Survival,Lev,505,0.6452927761528409,0.588994319219269,0.695929691740565,198,1
Recurrence-Free Survival,Lev,511,0.6420171783043493,0.5856418815456629,0.6927953015216225,197,1
Recurrence-Free Survival,Lev,513,0.6387415804558577,0.5822921860959994,0.6896582253086548,196,1
Recurrence-Free Survival,Lev,525,0.6354659826073662,0.5789452166722269,0.6865184792756776,195,1
Recurrence-Free Survival,Lev,527,0.6321903847588746,0.5756009576166358,0.683376079073589,194,1
Recurrence-Free Survival,Lev,532,0.628914786910383,0.572259393798652,0.6802310398428881,193,1
Recurrence-Free Survival,Lev,548,0.6256391890618914,0.5689205106022243,0.6770833762258277,192,1
Recurrence-Free Survival,Lev,560,0.6223635912133999,0.5655842939137808,0.6739331023780305,191,1
Recurrence-Free Survival,Lev,565,0.6190879933649083,0.5622507301107295,0.6707802319795881,190,1
Recurrence-Free Survival,Lev,573,0.6125367976679251,0.5555915090599554,0.6644667539366566,189,2
Recurrence-Free Survival,Lev,578,0.6092611998194335,0.5522658269256038,0.6613061713678199,187,1
Recurrence-Free Survival,Lev,583,0.605985601970942,0.5489427478838383,0.6581430424185717,186,1
Recurrence-Free Survival,Lev,593,0.6027100041224505,0.5456222606119382,0.6549773785412909,185,1
Recurrence-Free Survival,Lev,599,0.5994344062739588,0.5423043542193637,0.6518091907697513,184,1
Recurrence-Free Survival,Lev,613,0.5961588084254673,0.5389890182394795,0.6486384897271638,183,1
Recurrence-Free Survival,Lev,615,0.5928832105769757,0.5356762426216666,0.6454652856338453,182,1
Recurrence-Free Survival,Lev,638,0.5895894149626592,0.5323453938720786,0.6422738371683462,180,1
Recurrence-Free Survival,Lev,653,0.5862956193483426,0.5290171513269265,0.6390798561597513,179,1
Recurrence-Free Survival,Lev,654,0.5830018237340261,0.5256915054036179,0.6358833520479942,178,1
Recurrence-Free Survival,Lev,663,0.5797080281197096,0.5223684469338599,0.6326843338826951,177,1
Recurrence-Free Survival,Lev,668,0.576414232505393,0.5190479671567338,0.6294828103295114,176,1
Recurrence-Free Survival,Lev,672,0.5731204368910765,0.5157300577121235,0.6262787896761692,175,1
Recurrence-Free Survival,Lev,675,0.5698266412767599,0.5124147106344863,0.6230722798381881,174,1
Recurrence-Free Survival,Lev,680,0.5665328456624433,0.5091019183469535,0.6198632883643066,173,1
Recurrence-Free Survival,Lev,697,0.5632390500481268,0.505791673655753,0.6166518224416185,172,1
Recurrence-Free Survival,Lev,717,0.5599452544338103,0.5024839697449407,0.6134378889004297,171,1
Recurrence-Free Survival,Lev,742,0.5566514588194937,0.49917880017143423,0.6102214942188404,170,1
Recurrence-Free Survival,Lev,751,0.5533576632051772,0.49587615886034025,0.6070026445270635,169,1
Recurrence-Free Survival,Lev,797,0.5500638675908607,0.49257604010056466,0.6037813456114833,168,1
Recurrence-Free Survival,Lev,828,0.5467700719765441,0.48927843854070224,0.6005576029184627,167,1
Recurrence-Free Survival,Lev,851,0.5434762763622276,0.485983349185195,0.5973314215579039,166,1
Recurrence-Free Survival,Lev,883,0.5401824807479111,0.4826907673907559,0.5941028063065696,165,1
Recurrence-Free Survival,Lev,891,0.5368886851335946,0.4794006888630495,0.5908717616111683,164,1
Recurrence-Free Survival,Lev,900,0.533594889519278,0.4761131096536261,0.5876382915912085,163,1
Recurrence-Free Survival,Lev,922,0.5303010939049615,0.47282802615710207,0.5844024000416281,162,1
Recurrence-Free Survival,Lev,931,0.527007298290645,0.4695454351085841,0.5811640904352007,161,1
Recurrence-Free Survival,Lev,959,0.5236927869806409,0.466242252420352,0.5779051670983973,159,1
Recurrence-Free Survival,Lev,960,0.5203782756706369,0.4629416270779864,0.5746437771430001,158,1
Recurrence-Free Survival,Lev,1013,0.5170637643606328,0.45964355627615916,0.571379923347587,157,1
Recurrence-Free Survival,Lev,1026,0.5137492530506288,0.45634803756437303,0.5681136081624373,156,1
Recurrence-Free Survival,Lev,1029,0.5104347417406246,0.4530550688450926,0.5648448337110478,155,1
Recurrence-Free Survival,Lev,1052,0.5071202304306206,0.4497646483721232,0.5615736017914336,154,1
Recurrence-Free Survival,Lev,1108,0.503783913125156,0.44645257110447334,0.5582807015064686,152,1
Recurrence-Free Survival,Lev,1114,0.5004475958196913,0.44314311457141337,0.5549852879446303,151,1
Recurrence-Free Survival,Lev,1183,0.49711127851422676,0.4398362775527439,0.5516873621674542,150,1
Recurrence-Free Survival,Lev,1211,0.49377496120876213,0.43653205919858895,0.5483869248995401,149,1
Recurrence-Free Survival,Lev,1275,0.4904386439032975,0.43323045902858365,0.5450839765289213,148,1
Recurrence-Free Survival,Lev,1298,0.4871023265978329,0.4299314769313248,0.5417785171072066,147,1
Recurrence-Free Survival,Lev,1471,0.4837660092923683,0.4266351131640824,0.5384705463494973,146,1
Recurrence-Free Survival,Lev,1551,0.48038303020640766,0.4232897722060748,0.5351188468604794,143,1
Recurrence-Free Survival,Lev,1561,0.4770000511204471,0.4199472158598946,0.5317645051562317,142,1
Recurrence-Free Survival,Lev,1564,0.47361707203448644,0.41660744449248965,0.5284075203538001,141,1
Recurrence-Free Survival,Lev,1589,0.47023409294852586,0.41327045889112346,0.5250478911983184,140,1
Recurrence-Free Survival,Lev,1606,0.4668511138625653,0.40993626026370067,0.5216856160619815,139,1
Recurrence-Free Survival,Lev,1647,0.46346813477660465,0.40660485023941106,0.5183206929427537,138,1
Recurrence-Free Survival,Lev,1687,0.460085155690644,0.40327623086969266,0.5149531194628105,137,1
Recurrence-Free Survival,Lev,1895,0.4565730552655246,0.399807711955208,0.5114689956963419,131,1
Recurrence-Free Survival,Lev,1918,0.45303372925571433,0.39631227881523645,0.5079579285630628,129,1
Recurrence-Free Survival,Lev,1976,0.44940945942166866,0.3927257806936987,0.5043694090719499,125,1
Recurrence-Free Survival,Lev,2012,0.4456643805931548,0.3890079954318516,0.5006724741469063,120,1
Recurrence-Free Survival,Lev,2018,0.4419193017646409,0.38529453828923327,0.4969716695641822,119,1
Recurrence-Free Survival,Lev,2067,0.43804281666144224,0.3814377374305918,0.4931536265712987,114,1
Recurrence-Free Survival,Lev,2231,0.43288937175954295,0.37609252575788454,0.4882858509933784,85,1
Recurrence-Free Survival,Lev+5FU,0,1.0,1.0,1.0,304,0
Recurrence-Free Survival,Lev+5FU,8,0.9967105263157895,0.9768798975262637,0.9995359942623281,304,1
Recurrence-Free Survival,Lev+5FU,9,0.9934210526315789,0.9739520900180321,0.9983505923779469,303,1
Recurrence-Free Survival,Lev+5FU,40,0.9901206504633677,0.9696841533655407,0.996803074736391,301,1
Recurrence-Free Survival,Lev+5FU,49,0.9868092101608146,0.9652377184073544,0.9950289074822262,299,1
Recurrence-Free Survival,Lev+5FU,63,0.9834977698582615,0.960809081066661,0.9930982237598629,298,1
Recurrence-Free Survival,Lev+5FU,68,0.9801863295557084,0.9564300912340193,0.9910498190540452,297,1
Recurrence-Free Survival,Lev+5FU,86,0.9768748892531554,0.9521055979674414,0.9889084924047903,296,1
Recurrence-Free Survival,Lev+5FU,91,0.9735634489506023,0.9478332070046812,0.9866912580774314,295,1
Recurrence-Free Survival,Lev+5FU,101,0.9702520086480493,0.9436086750409497,0.9844104015827162,294,1
Recurrence-Free Survival,Lev+5FU,116,0.9669405683454961,0.939427570111352,0.9820751444078359,293,1
Recurrence-Free Survival,Lev+5FU,132,0.9636291280429431,0.935285787001158,0.9796926219817166,292,1
Recurrence-Free Survival,Lev+5FU,134,0.96031768774039,0.9311796780263315,0.9772684927324088,291,1
Recurrence-Free Survival,Lev+5FU,146,0.9570062474378369,0.9271060511054902,0.9748073354843007,290,1
Recurrence-Free Survival,Lev+5FU,154,0.9536948071352838,0.9230621250386751,0.9723129188178076,289,1
Recurrence-Free Survival,Lev+5FU,157,0.9503833668327307,0.9190454751589645,0.9697883895338428,288,1
Recurrence-Free Survival,Lev+5FU,160,0.9470719265301777,0.9150539813459164,0.9672364081120592,287,1
Recurrence-Free Survival,Lev+5FU,161,0.9437604862276245,0.9110857822093185,0.9646592483443512,286,1
Recurrence-Free Survival,Lev+5FU,165,0.9404490459250715,0.9071392360893348,0.962058872101201,285,1
Recurrence-Free Survival,Lev+5FU,168,0.9371376056225185,0.9032128883620707,0.9594369864312113,284,1
Recurrence-Free Survival,Lev+5FU,183,0.9338261653199653,0.8993054441927191,0.956795087850393,283,1
Recurrence-Free Survival,Lev+5FU,185,0.9305147250174123,0.8954157458516665,0.95413449717314,282,1
Recurrence-Free Survival,Lev+5FU,186,0.9272032847148592,0.8915427537979046,0.9514563872461008,281,1
Recurrence-Free Survival,Lev+5FU,198,0.9238918444123062,0.8876855308541397,0.9487618052789217,280,1
Recurrence-Free Survival,Lev+5FU,199,0.9205804041097531,0.8838432289154923,0.9460516910072926,279,1
Recurrence-Free Survival,Lev+5FU,205,0.9172689638072,0.8800150777368887,0.9433268916028054,278,1
Recurrence-Free Survival,Lev+5FU,208,0.913957523504647,0.8762003754305527,0.9405881740157951,277,1
Recurrence-Free Survival,Lev+5FU,215,0.9106460832020938,0.8723984803754544,0.9378362352724002,276,1
Recurrence-Free Survival,Lev+5FU,218,0.9073346428995408,0.8686088042973505,0.9350717111263012,275,1
Recurrence-Free Survival,Lev+5FU,237,0.9040232025969877,0.8648308063235648,0.9322951833760239,274,1
Recurrence-Free Survival,Lev+5FU,242,0.9007117622944346,0.8610639878530669,0.9295071860914967,273,1
Recurrence-Free Survival,Lev+5FU,245,0.8974003219918816,0.8573078881115558,0.926708210942578,272,1
Recurrence-Free Survival,Lev+5FU,248,0.8940888816893285,0.8535620802846287,0.9238987117832371,271,1
Recurrence-Free Survival,Lev+5FU,252,0.8907774413867755,0.8498261681409279,0.9210791086148872,270,1
Recurrence-Free Survival,Lev+5FU,255,0.8874660010842225,0.8460997830723342,0.9182497910288312,269,1
Recurrence-Free Survival,Lev+5FU,256,0.8841545607816694,0.8423825814905875,0.9154111212092795,268,1
Recurrence-Free Survival,Lev+5FU,260,0.8808431204791163,0.8386742425297224,0.9125634365637378,267,1
Recurrence-Free Survival,Lev+5FU,261,0.8775316801765632,0.8349744660118936,0.9097070520358731,266,1
Recurrence-Free Survival,Lev+5FU,285,0.8742202398740101,0.8312829706408764,0.906842262146571,265,1
Recurrence-Free Survival,Lev+5FU,296,0.8709087995714571,0.827599492393063,0.9039693428013114,264,1
Recurrence-Free Survival,Lev+5FU,303,0.867597359268904,0.823923783080352,0.9010885528958121,263,1
Recurrence-Free Survival,Lev+5FU,315,0.864285918966351,0.8202556090631299,0.898200135746853,262,1
Recurrence-Free Survival,Lev+5FU,322,0.8576630383612448,0.8129409982813162,0.892401322630832,261,2
Recurrence-Free Survival,Lev+5FU,328,0.8543387630187593,0.8092774223888034,0.8894816434031462,258,1
Recurrence-Free Survival,Lev+5FU,329,0.851014487676274,0.8056207118251408,0.8865550964805409,257,1
Recurrence-Free Survival,Lev+5FU,336,0.8476902123337885,0.8019706835137416,0.8836218671399116,256,1
Recurrence-Free Survival,Lev+5FU,360,0.8443396581348408,0.7982932014504733,0.8806620934414123,253,1
Recurrence-Free Survival,Lev+5FU,365,0.840989103935893,0.7946223313185317,0.8776958210829838,252,1
Recurrence-Free Survival,Lev+5FU,380,0.8376385497369452,0.7909579044971842,0.8747232136264496,251,1
Recurrence-Free Survival,Lev+5FU,386,0.8342879955379974,0.7872997610271414,0.8717444264070575,250,1
Recurrence-Free Survival,Lev+5FU,392,0.8309374413390496,0.7836477490065866,0.8687596070936832,249,1
Recurrence-Free Survival,Lev+5FU,393,0.8275868871401019,0.7800017240409824,0.8657688962004625,248,1
Recurrence-Free Survival,Lev+5FU,405,0.8242363329411541,0.7763615487408907,0.8627724275549102,247,1
Recurrence-Free Survival,Lev+5FU,408,0.8208857787422063,0.7727270922627628,0.8597703287269701,246,1
Recurrence-Free Survival,Lev+5FU,415,0.8175352245432584,0.7690982298882719,0.8567627214229102,245,1
Recurrence-Free Survival,Lev+5FU,422,0.8141846703443107,0.7654748426382901,0.853749721847528,244,1
Recurrence-Free Survival,Lev+5FU,431,0.8108341161453629,0.7618568169180758,0.8507314410377255,243,1
Recurrence-Free Survival,Lev+5FU,434,0.8074835619464151,0.758244044190631,0.8477079851701775,242,1
Recurrence-Free Survival,Lev+5FU,443,0.8041330077474674,0.7546364206755326,0.8446794558455106,241,1
Recurrence-Free Survival,Lev+5FU,448,0.8007824535485196,0.7510338470708455,0.8416459503511465,240,1
Recurrence-Free Survival,Lev+5FU,449,0.7974318993495719,0.7474362282959871,0.838607561904741,239,1
Recurrence-Free Survival,Lev+5FU,454,0.7940813451506241,0.7438434732536383,0.8355643798799353,238,1
Recurrence-Free Survival,Lev+5FU,458,0.7907307909516764,0.7402554946090046,0.8325164900159697,237,1
Recurrence-Free Survival,Lev+5FU,466,0.7840296825537808,0.7330935347713031,0.8264069127111711,236,2
Recurrence-Free Survival,Lev+5FU,485,0.7806791283548331,0.7295193959481104,0.8233453802641595,234,1
Recurrence-Free Survival,Lev+5FU,491,0.7773285741558853,0.7259497179200569,0.8202794502922222,233,1
Recurrence-Free Survival,Lev+5FU,497,0.7739780199569376,0.7223844293627297,0.8172091930316489,232,1
Recurrence-Free Survival,Lev+5FU,510,0.7706274657579898,0.7188234616788158,0.8141346760718605,231,1
Recurrence-Free Survival,Lev+5FU,526,0.7672769115590421,0.7152667488637571,0.811055964484108,230,1
Recurrence-Free Survival,Lev+5FU,536,0.7639263573600943,0.7117142273800678,0.8079731209419939,229,1
Recurrence-Free Survival,Lev+5FU,543,0.7605758031611465,0.7081658360396496,0.8048862058344466,228,1
Recurrence-Free Survival,Lev+5FU,554,0.753874694763251,0.7010812101281712,0.798700391684864,227,2
Recurrence-Free Survival,Lev+5FU,578,0.7505241405643032,0.6975448639687446,0.7956016029193644,225,1
Recurrence-Free Survival,Lev+5FU,591,0.7471735863653554,0.6940124245874011,0.7924989633230055,224,1
Recurrence-Free Survival,Lev+5FU,593,0.7438230321664075,0.6904838410176201,0.7893925233287301,223,1
Recurrence-Free Survival,Lev+5FU,594,0.7404724779674599,0.6869590640733491,0.7862823316326326,222,1
Recurrence-Free Survival,Lev+5FU,602,0.737121923768512,0.6834380462728767,0.7831684352674926,221,1
Recurrence-Free Survival,Lev+5FU,604,0.7337713695695643,0.679920741767074,0.7800508796721458,220,1
Recurrence-Free Survival,Lev+5FU,616,0.7304208153706165,0.6764071062717013,0.776929708756971,219,1
Recurrence-Free Survival,Lev+5FU,617,0.7270702611716687,0.6728970970035114,0.7738049649657531,218,1
Recurrence-Free Survival,Lev+5FU,622,0.723719706972721,0.6693906726198897,0.7706766893341616,217,1
Recurrence-Free Survival,Lev+5FU,636,0.7203691527737732,0.6658877931618032,0.7675449215450614,216,1
Recurrence-Free Survival,Lev+5FU,649,0.7170185985748254,0.6623884199998422,0.7644096999808636,215,1
Recurrence-Free Survival,Lev+5FU,657,0.7136680443758777,0.6588925157831547,0.7612710617730999,214,1
Recurrence-Free Survival,Lev+5FU,683,0.7103174901769299,0.6554000443910916,0.7581290428493956,213,1
Recurrence-Free Survival,Lev+5FU,700,0.7069669359779821,0.651910970887394,0.754983677978004,212,1
Recurrence-Free Survival,Lev+5FU,701,0.7036163817790343,0.6484252614767637,0.7518350008100485,211,1
Recurrence-Free Survival,Lev+5FU,711,0.7002658275800866,0.6449428834636717,0.7486830439196114,210,1
Recurrence-Free Survival,Lev+5FU,805,0.6969152733811388,0.6414638052132714,0.7455278388417983,209,1
Recurrence-Free Survival,Lev+5FU,827,0.693564719182191,0.6379879961142899,0.7423694161088985,208,1
Recurrence-Free Survival,Lev+5FU,849,0.6901979001570347,0.634496321545676,0.7391941956101121,206,1
Recurrence-Free Survival,Lev+5FU,853,0.6868310811318785,0.6310079319906271,0.7360157632321404,205,1
Recurrence-Free Survival,Lev+5FU,904,0.6834476767913273,0.6275033484191549,0.732820250379386,203,1
Recurrence-Free Survival,Lev+5FU,918,0.6800642724507763,0.6240020676784633,0.7296215283559317,202,1
Recurrence-Free Survival,Lev+5FU,934,0.6766808681102251,0.6205040610316239,0.7264196246268059,201,1
Recurrence-Free Survival,Lev+5FU,936,0.673297463769674,0.6170093006872703,0.7232145657822012,200,1
Recurrence-Free Survival,Lev+5FU,968,0.6699140594291229,0.613517759768556,0.720006377565151,199,1
Recurrence-Free Survival,Lev+5FU,1024,0.6665306550885718,0.6100294122836468,0.7167950848978855,198,1
Recurrence-Free Survival,Lev+5FU,1025,0.6631472507480206,0.6065442330976575,0.7135807119069395,197,1
Recurrence-Free Survival,Lev+5FU,1032,0.6597638464074695,0.6030621979059585,0.7103632819470763,196,1
Recurrence-Free Survival,Lev+5FU,1037,0.6563804420669184,0.5995832832087732,0.7071428176240895,195,1
Recurrence-Free Survival,Lev+5FU,1122,0.6529970377263673,0.5961074662870005,0.7039193408165422,194,1
Recurrence-Free Survival,Lev+5FU,1142,0.6496136333858161,0.5926347251791946,0.7006928726964949,193,1
Recurrence-Free Survival,Lev+5FU,1159,0.646230229045265,0.5891650386596445,0.6974634337492771,192,1
Recurrence-Free Survival,Lev+5FU,1233,0.6428468247047139,0.5856983862174937,0.6942310437923442,191,1
Recurrence-Free Survival,Lev+5FU,1277,0.6394634203641627,0.5822347480368489,0.6909957219932699,190,1
Recurrence-Free Survival,Lev+5FU,1329,0.6360620191920129,0.578753347096058,0.687742172646849,188,1
Recurrence-Free Survival,Lev+5FU,1488,0.6326238461152993,0.5752325569721378,0.6844544111647192,185,1
Recurrence-Free Survival,Lev+5FU,1644,0.6291478909168636,0.5716712925675161,0.6811315354242987,182,1
Recurrence-Free Survival,Lev+5FU,1668,0.6256719357184279,0.5681133529501174,0.677805517540251,181,1
Recurrence-Free Survival,Lev+5FU,1723,0.6221959805199923,0.5645587157174804,0.6744763767728417,180,1
Recurrence-Free Survival,Lev+5FU,1743,0.6187200253215565,0.5610073592802659,0.6711441317072162,179,1
Recurrence-Free Survival,Lev+5FU,1786,0.6152440701231208,0.5574592628396168,0.667808800270188,178,1
Recurrence-Free Survival,Lev+5FU,1876,0.6115599738948386,0.5536734633499449,0.6642942892675308,167,1
Recurrence-Free Survival,Lev+5FU,2028,0.6075888052331838,0.5495547828926641,0.6605371574906971,154,1
Recurrence-Free Survival,Lev+5FU,2031,0.603591510461913,0.5454109264132232,0.6567536085558874,152,1
Recurrence-Free Survival,Lev+5FU,2074,0.5993705908083331,0.5410067326318679,0.6527822005168515,143,1
Overall Survival,Obs,0,1.0,1.0,1.0,315,0
Overall Survival,Obs,113,0.9968253968253968,0.977679458561107,0.9995522197642882,315,1
Overall Survival,Obs,125,0.9936507936507937,0.9748530343662286,0.9984083282859764,314,1
Overall Survival,Obs,145,0.9904761904761904,0.9707643860596465,0.9969184822470637,313,1
Overall Survival,Obs,164,0.9873015873015872,0.9665219695819577,0.9952151428129948,312,1
Overall Survival,Obs,166,0.9841269841269842,0.9622872405133703,0.993362508553066,311,1
Overall Survival,Obs,187,0.980952380952381,0.9580954760321456,0.9913975531564332,310,1
Overall Survival,Obs,201,0.9777777777777779,0.9539532845988729,0.9893439226707729,309,1
Overall Survival,Obs,208,0.9746031746031747,0.9498593339570746,0.9872178467298348,308,1
Overall Survival,Obs,215,0.9714285714285715,0.9458100877340704,0.9850310480491241,307,1
Overall Survival,Obs,218,0.9682539682539684,0.9418016161552055,0.9827923280015413,306,1
Overall Survival,Obs,238,0.9650793650793652,0.9378301876645571,0.9805084984288069,305,1
Overall Survival,Obs,241,0.961904761904762,0.9338924424283621,0.9781849621450788,304,1
Overall Survival,Obs,242,0.9587301587301589,0.9299854161982306,0.9758260918122048,303,1
Overall Survival,Obs,253,0.9555555555555556,0.9261065120681393,0.9734354868099441,302,1
Overall Survival,Obs,259,0.9492063492063493,0.9184242581479619,0.9685706319677883,301,2
Overall Survival,Obs,264,0.9460317460317461,0.9146171611250353,0.9661010960732231,299,1
Overall Survival,Obs,275,0.9428571428571428,0.9108306163561064,0.9636094198241071,298,1
Overall Survival,Obs,289,0.9396825396825397,0.9070632486861872,0.9610972343671411,297,1
Overall Survival,Obs,311,0.9365079365079365,0.9033138325455532,0.9585659697689966,296,1
Overall Survival,Obs,313,0.9333333333333333,0.8995812710293606,0.9560168882702429,295,1
Overall Survival,Obs,322,0.9301587301587302,0.8958645783675814,0.9534511107662961,294,1
Overall Survival,Obs,331,0.9269841269841269,0.8921628652043151,0.9508696381313748,293,1
Overall Survival,Obs,365,0.9238095238095237,0.8884753261960183,0.9482733685641771,292,1
Overall Survival,Obs,372,0.9206349206349206,0.8848012295229487,0.9456631118279044,291,1
Overall Survival,Obs,381,0.9174603174603174,0.8811399079815755,0.9430396010394563,290,1
Overall Survival,Obs,384,0.9111111111111111,0.8738532000649595,0.9377554239860376,289,2
Overall Survival,Obs,390,0.9079365079365079,0.8702267392526088,0.9350959216870969,287,1
Overall Survival,Obs,409,0.9047619047619047,0.8666108942623235,0.932425506207095,286,1
Overall Survival,Obs,411,0.9015873015873015,0.8630052262865135,0.9297446476289665,285,1
Overall Survival,Obs,413,0.8952380952380952,0.8558228240925865,0.9243533046184915,284,2
Overall Survival,Obs,417,0.892063492063492,0.8522453610190625,0.9216435943237582,282,1
Overall Survival,Obs,421,0.8888888888888888,0.8486766119846038,0.9189249953651105,281,1
Overall Survival,Obs,433,0.8857142857142857,0.8451162710435748,0.9161978304157746,280,1
Overall Survival,Obs,437,0.8825396825396825,0.8415640519167342,0.9134624006830838,279,1
Overall Survival,Obs,438,0.8793650793650793,0.8380196862783973,0.9107189878590399,278,1
Overall Survival,Obs,459,0.876178974005061,0.834467607438655,0.907959333779219,276,1
Overall Survival,Obs,462,0.8729928686450426,0.8309230411404106,0.9051921256985693,275,1
Overall Survival,Obs,464,0.869806763285024,0.8273857559950617,0.9024175999620374,274,1
Overall Survival,Obs,465,0.8634345525649872,0.8203321698829964,0.8968474724034007,273,2
Overall Survival,Obs,469,0.860248447204969,0.8168154693192083,0.8940522780189251,271,1
Overall Survival,Obs,474,0.8570623418449506,0.813305248887624,0.8912505827656033,270,1
Overall Survival,Obs,485,0.8538762364849322,0.8098013348763687,0.8884425634972316,269,1
Overall Survival,Obs,499,0.8506901311249138,0.8063035626551108,0.8856283877333948,268,1
Overall Survival,Obs,506,0.8475040257648954,0.8028117760304032,0.8828082143304691,267,1
Overall Survival,Obs,510,0.844317920404877,0.7993258266590607,0.8799821940913818,266,1
Overall Survival,Obs,528,0.8411318150448586,0.79584557351331,0.8771504703208381,265,1
Overall Survival,Obs,537,0.8379457096848402,0.7923708823922356,0.8743131793318689,264,1
Overall Survival,Obs,563,0.8315734989648034,0.7854376809096195,0.8686224087313126,263,2
Overall Survival,Obs,570,0.828387393604785,0.7819789324395398,0.8657691707630439,261,1
Overall Survival,Obs,576,0.8252012882447666,0.7785252690547673,0.8629108496090682,260,1
Overall Survival,Obs,587,0.8220151828847482,0.7750765846745852,0.860047552844499,259,1
Overall Survival,Obs,591,0.8188290775247297,0.7716327778532951,0.8571793833174579,258,1
Overall Survival,Obs,594,0.8156429721647113,0.7681937515086694,0.8543064394286739,257,1
Overall Survival,Obs,595,0.8124568668046929,0.7647594126707705,0.8514288153898977,256,1
Overall Survival,Obs,599,0.8092707614446745,0.7613296722493058,0.8485466014630669,255,1
Overall Survival,Obs,612,0.8060846560846561,0.757904444817871,0.8456598841819449,254,1
Overall Survival,Obs,622,0.8028985507246378,0.7544836484136089,0.8427687465577797,253,1
Overall Survival,Obs,659,0.7997124453646194,0.7510672043509594,0.8398732682703686,252,1
Overall Survival,Obs,663,0.796526340004601,0.7476550370483097,0.8369735258457787,251,1
Overall Survival,Obs,665,0.7933402346445826,0.7442470738664698,0.8340695928218397,250,1
Overall Survival,Obs,670,0.7901541292845641,0.7408432449580027,0.8311615399024256,249,1
Overall Survival,Obs,673,0.7869680239245457,0.7374434831265342,0.8282494351014389,248,1
Overall Survival,Obs,685,0.7837819185645273,0.7340477236952462,0.8253333438773223,247,1
Overall Survival,Obs,687,0.7805958132045089,0.7306559043838333,0.8224133292588504,246,1
Overall Survival,Obs,692,0.7774097078444905,0.7272679651932688,0.81948945196288,245,1
Overall Survival,Obs,709,0.7742236024844721,0.7238838482977825,0.8165617705046783,244,1
Overall Survival,Obs,716,0.7710374971244537,0.7205034979435124,0.8136303413013901,243,1
Overall Survival,Obs,717,0.7678513917644353,0.7171268603533295,0.8106952187691596,242,1
Overall Survival,Obs,718,0.7646652864044169,0.7137538836373898,0.8077564554143714,241,1
Overall Survival,Obs,721,0.7614791810443985,0.7103845177089952,0.8048141019194409,240,1
Overall Survival,Obs,743,0.7582930756843801,0.7070187142053905,0.8018682072235442,239,1
Overall Survival,Obs,753,0.7551069703243617,0.7036564264131435,0.798918818598646,238,1
Overall Survival,Obs,758,0.7519208649643433,0.7002976091977966,0.7959659817211535,237,1
Overall Survival,Obs,760,0.7487347596043249,0.6969422189374923,0.7930097407394985,236,1
Overall Survival,Obs,761,0.7455486542443065,0.6935902134603068,0.7900501383379253,235,1
Overall Survival,Obs,770,0.7423625488842881,0.6902415519850438,0.7870872157967381,234,1
Overall Survival,Obs,774,0.7391764435242697,0.6868961950652591,0.7841210130492446,233,1
Overall Survival,Obs,775,0.7359903381642513,0.6835541045363076,0.7811515687356104,232,1
Overall Survival,Obs,832,0.732804232804233,0.6802152434652168,0.7781789202538264,231,1
Overall Survival,Obs,833,0.7296181274442146,0.6768795761032069,0.775203103807971,230,1
Overall Survival,Obs,840,0.7264320220841962,0.6735470678406951,0.7722241544539421,229,1
Overall Survival,Obs,845,0.7232459167241778,0.6702176851646237,0.7692421061428114,228,1
Overall Survival,Obs,854,0.7200598113641593,0.6668913956179756,0.7662569917619527,227,1
Overall Survival,Obs,863,0.7168737060041409,0.6635681677613419,0.7632688431740767,226,1
Overall Survival,Obs,874,0.7136876006441225,0.6602479711364182,0.7602776912542991,225,1
Overall Survival,Obs,883,0.7105014952841041,0.6569307762313185,0.7572835659253601,224,1
Overall Survival,Obs,887,0.7073153899240857,0.6536165544475959,0.7542864961911017,223,1
Overall Survival,Obs,901,0.7041292845640673,0.6503052780688774,0.7512865101683075,222,1
Overall Survival,Obs,924,0.7009431792040489,0.6469969202310144,0.748283635116995,221,1
Overall Survival,Obs,928,0.6977570738440305,0.6436914548936683,0.745277897469252,220,1
Overall Survival,Obs,929,0.6945709684840122,0.6403888568132484,0.7422693228566962,219,1
Overall Survival,Obs,936,0.6913848631239938,0.6370891015171276,0.7392579361366356,218,1
Overall Survival,Obs,949,0.6881987577639754,0.6337921652790689,0.7362437614170017,217,1
Overall Survival,Obs,957,0.685012652403957,0.6304980250957929,0.7332268220801195,216,1
Overall Survival,Obs,961,0.6818265470439386,0.62720665866463,0.7302071408053804,215,1
Overall Survival,Obs,963,0.6786404416839202,0.6239180443621972,0.7271847395908724,214,1
Overall Survival,Obs,966,0.6754543363239018,0.6206321612240472,0.7241596397740241,213,1
Overall Survival,Obs,976,0.6722682309638834,0.6173489889252404,0.7211318620513146,212,1
Overall Survival,Obs,1021,0.669082125603865,0.614068507761791,0.7181014264970951,211,1
Overall Survival,Obs,1031,0.6658960202438466,0.6107906986329459,0.7150683525815671,210,1
Overall Survival,Obs,1048,0.6627099148838282,0.6075155430242526,0.712032659187962,209,1
Overall Survival,Obs,1070,0.6595238095238098,0.6042430229913784,0.7089943646289586,208,1
Overall Survival,Obs,1079,0.6563377041637913,0.600973121144645,0.7059534866623769,207,1
Overall Survival,Obs,1083,0.6531515988037729,0.5977058206342434,0.7029100425061843,206,1
Overall Survival,Obs,1101,0.6499654934437545,0.5944411051360973,0.6998640488528437,205,1
Overall Survival,Obs,1133,0.6467793880837361,0.5911789588383443,0.6968155218830382,204,1
Overall Survival,Obs,1134,0.6435932827237177,0.5879193664284075,0.6937644772787998,203,1
Overall Survival,Obs,1136,0.6404071773636993,0.5846623130806292,0.6907109302360677,202,1
Overall Survival,Obs,1139,0.6372210720036809,0.5814077844444427,0.6876548954767057,201,1
Overall Survival,Obs,1159,0.6340349666436625,0.5781557666330573,0.6845963872599995,200,1
Overall Survival,Obs,1166,0.6308488612836441,0.5749062462126352,0.6815354193936587,199,1
Overall Survival,Obs,1178,0.6276627559236257,0.5716592101919378,0.6784720052443449,198,1
Overall Survival,Obs,1195,0.6244766505636073,0.5684146460124231,0.6754061577477446,197,1
Overall Survival,Obs,1198,0.621290545203589,0.5651725415387737,0.6723378894182089,196,1
Overall Survival,Obs,1209,0.6181044398435706,0.5619328850498392,0.6692672123579759,195,1
Overall Survival,Obs,1216,0.6149183344835522,0.5586956652299739,0.6661941382659928,194,1
Overall Survival,Obs,1230,0.6117322291235338,0.5554608711607579,0.6631186784463563,193,1
Overall Survival,Obs,1237,0.6085461237635154,0.5522284923130821,0.6600408438163825,192,1
Overall Survival,Obs,1246,0.605360018403497,0.5489985185395867,0.6569606449143252,191,1
Overall Survival,Obs,1262,0.6021739130434786,0.5457709400674375,0.653878091906752,190,1
Overall Survival,Obs,1272,0.59898780768346,0.5425457474914294,0.650793194595594,189,1
Overall Survival,Obs,1290,0.5958017023234417,0.5393229317674026,0.6477059624248808,188,1
Overall Survival,Obs,1295,0.5926155969634233,0.5361024842059642,0.6446164044871685,187,1
Overall Survival,Obs,1304,0.5894294916034049,0.5328843964664998,0.6415245295296785,186,1
Overall Survival,Obs,1313,0.5862433862433866,0.5296686605514701,0.6384303459601505,185,1
Overall Survival,Obs,1314,0.5830572808833681,0.5264552688009789,0.6353338618524224,184,1
Overall Survival,Obs,1327,0.5798711755233497,0.523244213887607,0.6322350849517478,183,1
Overall Survival,Obs,1363,0.5766850701633313,0.520035488811501,0.6291340226798552,182,1
Overall Survival,Obs,1375,0.5734989648033129,0.5168290868957099,0.6260306821397601,181,1
Overall Survival,Obs,1434,0.5703128594432945,0.5136250017817654,0.6229250701203387,180,1
Overall Survival,Obs,1437,0.5671267540832761,0.5104232274254915,0.6198171931006659,179,1
Overall Survival,Obs,1447,0.5639406487232577,0.5072237580930451,0.6167070572541284,178,1
Overall Survival,Obs,1482,0.5607545433632393,0.5040265883571764,0.6135946684523184,177,1
Overall Survival,Obs,1530,0.5575684380032209,0.500831713093705,0.6104800322687114,176,1
Overall Survival,Obs,1548,0.5543823326432025,0.49763912747820493,0.6073631539821372,175,1
Overall Survival,Obs,1656,0.551196227283184,0.4944488269828967,0.6042440385800464,174,1
Overall Survival,Obs,1679,0.5480101219231656,0.4912608073737385,0.601122690761579,173,1
Overall Survival,Obs,1692,0.544824016563147,0.488075064707713,0.597999114940439,172,1
Overall Survival,Obs,1723,0.5416379112031288,0.48489159533030746,0.5948733152475791,171,1
Overall Survival,Obs,1745,0.5384518058431104,0.4817103958731805,0.5917452955336993,170,1
Overall Survival,Obs,1772,0.535265700483092,0.4785314632520151,0.5886150593715638,169,1
Overall Survival,Obs,1788,0.5320795951230736,0.47535479466455244,0.5854826100581394,168,1
Overall Survival,Obs,1790,0.5288934897630552,0.4721803875888046,0.5823479506165566,167,1
Overall Survival,Obs,1818,0.5256685294596218,0.4689650190904306,0.5791768685375873,164,1
Overall Survival,Obs,1875,0.5222988593989832,0.4655902490947836,0.5758768104955637,156,1
Overall Survival,Obs,1884,0.5189291893383446,0.46221836723668636,0.5725740594580074,155,1
Overall Survival,Obs,1896,0.5155374952903816,0.45882466132246175,0.5692494254295315,153,1
Overall Survival,Obs,1907,0.5121005786551124,0.4553831270524921,0.5658826932901304,150,1
Overall Survival,Obs,1915,0.5086636620198433,0.4519447199807534,0.5625130813177418,149,1
Overall Survival,Obs,1950,0.5051796643347758,0.44845651312542906,0.5590996927735684,146,1
Overall Survival,Obs,2077,0.5014375927471107,0.4446790683789481,0.5554613934161613,135,1
Overall Survival,Obs,2083,0.49769552115944576,0.4409060954659919,0.5518191725025691,134,1
Overall Survival,Obs,2085,0.4939534495717808,0.4371375741004509,0.5481730413252969,133,1
Overall Survival,Obs,2133,0.4898711896579644,0.4329823207899849,0.5442359386618629,121,1
Overall Survival,Obs,2171,0.4853769585601849,0.4283498656242035,0.5399550432950427,109,1
Overall Survival,Obs,2213,0.4802133738946511,0.42291832979172206,0.5351380224716258,94,1
Overall Survival,Obs,2257,0.4744276705947155,0.41672745663566846,0.5298397783920727,83,1
Overall Survival,Obs,2284,0.46826627227530365,0.4100833975406738,0.524248525995662,77,1
Overall Survival,Obs,2287,0.4621048739558917,0.4034709386542404,0.5186321979913525,76,1
Overall Survival,Obs,2351,0.45520778628490827,0.39593697529321153,0.5124736047024365,67,1
Overall Survival,Obs,2527,0.4455225142362932,0.3845696436913807,0.5045770457133796,47,1
Overall Survival,Obs,2552,0.43491483532590525,0.3720095958526766,0.49606017585548906,42,1
Overall Survival,Obs,2789,0.40773265811803616,0.3295309412228588,0.4843005996162078,16,1
Overall Survival,Lev,0,1.0,1.0,1.0,310,0
Overall Survival,Lev,24,0.9967741935483871,0.9773229865806872,0.999544987480556,310,1
Overall Survival,Lev,56,0.9935483870967743,0.9744513632943557,0.9983825938649813,309,1
Overall Survival,Lev,93,0.9903225806451613,0.9702976468905213,0.9968686166242197,308,1
Overall Survival,Lev,122,0.9870967741935485,0.9659878209967927,0.9951376546066945,307,1
Overall Survival,Lev,129,0.9838709677419355,0.9616858862588692,0.9932549440219796,306,1
Overall Survival,Lev,133,0.9806451612903226,0.957427669323901,0.9912580570470093,305,1
Overall Survival,Lev,150,0.9774193548387098,0.953219876244075,0.9891710230321439,304,1
Overall Survival,Lev,165,0.9741935483870968,0.9490611481730471,0.9870103350584171,303,1
Overall Survival,Lev,171,0.967741935483871,0.9408761013183105,0.9825126816325356,302,2
Overall Survival,Lev,191,0.9645161290322581,0.9368419934363604,0.980191583645184,300,1
Overall Survival,Lev,206,0.9612903225806453,0.9328421492508425,0.9778301033872853,299,1
Overall Survival,Lev,219,0.9548387096774195,0.9249335723695845,0.9730029865592278,298,2
Overall Survival,Lev,222,0.9516129032258065,0.9210198894215459,0.9705440632977915,296,1
Overall Survival,Lev,226,0.9483870967741936,0.9171304804817166,0.9680584983886211,295,1
Overall Survival,Lev,232,0.9451612903225808,0.9132635626030877,0.9655484998294714,294,1
Overall Survival,Lev,257,0.9419354838709678,0.9094175604736313,0.9630159729003607,293,1
Overall Survival,Lev,283,0.9387096774193548,0.90559107621573,0.9604625755497346,292,1
Overall Survival,Lev,314,0.9322580645161291,0.8979918087957204,0.9552988133458584,291,2
Overall Survival,Lev,316,0.9290322580645162,0.8942169085214144,0.952690870859005,289,1
Overall Survival,Lev,323,0.9258064516129033,0.8904572591128207,0.950066951266494,288,1
Overall Survival,Lev,342,0.9225806451612903,0.8867120419017496,0.9474279675754431,287,1
Overall Survival,Lev,343,0.9193548387096775,0.8829805129581402,0.9447747429059369,286,1
Overall Survival,Lev,349,0.9161290322580645,0.8792619940360027,0.94210802247254,285,1
Overall Survival,Lev,355,0.9129032258064517,0.8755558648509436,0.9394284835806858,284,1
Overall Survival,Lev,356,0.9096774193548387,0.8718615564649399,0.9367367440263843,283,1
Overall Survival,Lev,362,0.9064516129032258,0.8681785455954174,0.9340333692008399,282,1
Overall Survival,Lev,366,0.903225806451613,0.8645063496990881,0.9313188781363979,281,1
Overall Survival,Lev,376,0.9,0.8608445227079244,0.9285937486808103,280,1
Overall Survival,Lev,382,0.8967741935483872,0.857192651316359,0.9258584219489445,279,1
Overall Survival,Lev,402,0.8935483870967742,0.8535503517363437,0.9231133061717774,278,1
Overall Survival,Lev,406,0.8903225806451613,0.8499172668511246,0.9203587800396923,277,1
Overall Survival,Lev,420,0.8870967741935484,0.8462930637101436,0.9175951956191299,276,1
Overall Survival,Lev,422,0.8838709677419354,0.8426774313169194,0.9148228809074381,275,1
Overall Survival,Lev,430,0.8806451612903226,0.8390700786694787,0.9120421420794051,274,1
Overall Survival,Lev,438,0.8774193548387096,0.8354707330192688,0.9092532654698553,273,1
Overall Survival,Lev,439,0.8741935483870967,0.831879138319727,0.906456519329319,272,1
Overall Survival,Lev,443,0.8709677419354839,0.8282950538400251,0.9036521553837953,271,1
Overall Survival,Lev,444,0.867741935483871,0.82471825292313,0.9008404102247348,270,1
Overall Survival,Lev,472,0.864516129032258,0.8211485218703358,0.8980215065513404,269,1
Overall Survival,Lev,475,0.8612903225806452,0.8175856589369598,0.8951956542839598,268,1
Overall Survival,Lev,486,0.8580645161290323,0.8140294734260155,0.8923630515645824,267,1
Overall Survival,Lev,499,0.8548387096774194,0.8104797848684847,0.8895238856581515,266,1
Overall Survival,Lev,512,0.8516129032258065,0.8069364222803233,0.8866783337664753,265,1
Overall Survival,Lev,522,0.8483870967741935,0.8033992234876337,0.8838265637648943,264,1
Overall Survival,Lev,546,0.8451612903225806,0.7998680345125398,0.8809687348705014,263,1
Overall Survival,Lev,553,0.8419354838709677,0.7963427090132427,0.8781049982495419,262,1
Overall Survival,Lev,559,0.8387096774193549,0.7928231077725434,0.8752354975706392,261,1
Overall Survival,Lev,569,0.8354838709677419,0.7893090982298191,0.8723603695096482,260,1
Overall Survival,Lev,573,0.832258064516129,0.7858005540520339,0.8694797442112167,259,1
Overall Survival,Lev,580,0.8290322580645161,0.7822973547398876,0.8665937457115127,258,1
Overall Survival,Lev,582,0.8258064516129032,0.7787993852656585,0.8637024923260491,257,1
Overall Survival,Lev,589,0.8225806451612904,0.7753065357396821,0.8608060970060645,256,1
Overall Survival,Lev,602,0.8161290322580645,0.7683357808420405,0.8549983074884973,255,2
Overall Survival,Lev,608,0.8129032258064517,0.764857678728346,0.8520871151982016,253,1
Overall Survival,Lev,628,0.8096774193548387,0.7613843025728048,0.8491711853250709,252,1
Overall Survival,Lev,629,0.8064516129032259,0.7579155640012819,0.8462506084405598,251,1
Overall Survival,Lev,642,0.803225806451613,0.7544513782449312,0.8433254713795211,250,1
Overall Survival,Lev,643,0.8,0.7509916639455251,0.8403958574456545,249,1
Overall Survival,Lev,647,0.7967741935483871,0.7475363429743033,0.837461846602409,248,1
Overall Survival,Lev,664,0.7935483870967742,0.7440853402632155,0.8345235156505781,247,1
Overall Survival,Lev,669,0.7903225806451614,0.7406385836475393,0.8315809383937067,246,1
Overall Survival,Lev,675,0.7870967741935484,0.7371960037189529,0.828634185792313,245,1
Overall Survival,Lev,678,0.7838709677419355,0.7337575336882296,0.8256833261078397,244,1
Overall Survival,Lev,684,0.7806451612903227,0.7303231092567969,0.8227284250371534,243,1
Overall Survival,Lev,706,0.7774193548387097,0.7268926684964749,0.8197695458383416,242,1
Overall Survival,Lev,708,0.7741935483870969,0.7234661517367678,0.8168067494484841,241,1
Overall Survival,Lev,709,0.770967741935484,0.7200435014591396,0.8138400945940133,240,1
Overall Survival,Lev,720,0.767741935483871,0.7166246621977567,0.8108696378942256,239,1
Overall Survival,Lev,723,0.7645161290322582,0.7132095804462201,0.8078954339584544,238,1
Overall Survival,Lev,729,0.7612903225806453,0.7097982045698574,0.8049175354773694,237,1
Overall Survival,Lev,730,0.7580645161290324,0.7063904847231757,0.8019359933088313,236,1
Overall Survival,Lev,739,0.7548387096774195,0.7029863727721127,0.798950856558689,235,1
Overall Survival,Lev,743,0.7516129032258065,0.6995858222207516,0.7959621726568783,234,1
Overall Survival,Lev,755,0.7483870967741937,0.696188788142195,0.7929699874291486,233,1
Overall Survival,Lev,759,0.741935483870968,0.6894050971531106,0.7869752886801415,232,2
Overall Survival,Lev,764,0.738709677419355,0.686018357664471,0.7839728593796216,230,1
Overall Survival,Lev,766,0.7354838709677421,0.6826349693790564,0.7809670973120362,229,1
Overall Survival,Lev,795,0.7322580645161292,0.6792548943051634,0.7779580412248615,228,1
Overall Survival,Lev,797,0.7290322580645163,0.675878095678343,0.7749457286152104,227,1
Overall Survival,Lev,806,0.7258064516129034,0.6725045379146128,0.7719301957781655,226,1
Overall Survival,Lev,833,0.7225806451612905,0.6691341865660995,0.7689114778525769,225,1
Overall Survival,Lev,846,0.7193548387096775,0.6657670082789616,0.7658896088644823,224,1
Overall Survival,Lev,858,0.7161290322580647,0.6624029707534578,0.7628646217682981,223,1
Overall Survival,Lev,875,0.7129032258064518,0.6590420427060247,0.7598365484859118,222,1
Overall Survival,Lev,885,0.7096774193548389,0.6556841938332539,0.7568054199438087,221,1
Overall Survival,Lev,890,0.706451612903226,0.6523293947776502,0.7537712661083439,220,1
Overall Survival,Lev,902,0.7032258064516131,0.6489776170950704,0.75073411601927,219,1
Overall Survival,Lev,905,0.7000000000000002,0.6456288332237473,0.747693997821623,218,1
Overall Survival,Lev,909,0.6967741935483873,0.6422830164548075,0.7446509387960597,217,1
Overall Survival,Lev,938,0.6935483870967745,0.6389401409041994,0.7416049653877321,216,1
Overall Survival,Lev,939,0.6903225806451615,0.6356001814859562,0.7385561032337848,215,1
Overall Survival,Lev,940,0.6870967741935486,0.6322631138867172,0.7355043771895482,214,1
Overall Survival,Lev,942,0.6838709677419358,0.6289289145414413,0.7324498113535,213,1
Overall Survival,Lev,944,0.6806451612903228,0.6255975606102496,0.7293924290910607,212,1
Overall Survival,Lev,952,0.67741935483871,0.6222690299563368,0.7263322530572897,211,1
Overall Survival,Lev,961,0.6709677419354841,0.6156203533229962,0.7202036068730718,210,2
Overall Survival,Lev,968,0.6677419354838713,0.6123001664003954,0.7171351786708667,208,1
Overall Survival,Lev,969,0.6645161290322583,0.6089827208311863,0.714064040632359,207,1
Overall Survival,Lev,986,0.6612903225806454,0.6056679976962912,0.7109902121664669,206,1
Overall Survival,Lev,997,0.6548387096774196,0.5990466459876228,0.7048345586328665,205,2
Overall Survival,Lev,1018,0.6516129032258067,0.5957399824629316,0.7017527694761699,203,1
Overall Survival,Lev,1034,0.6483870967741938,0.5924359714408375,0.6986683617447892,202,1
Overall Survival,Lev,1037,0.6451612903225808,0.5891345967997905,0.6955813520329166,201,1
Overall Survival,Lev,1041,0.641935483870968,0.5858358429351627,0.6924917564155193,200,1
Overall Survival,Lev,1046,0.638709677419355,0.5825396947464883,0.6893995904614422,199,1
Overall Survival,Lev,1055,0.6354838709677422,0.5792461376252656,0.6863048692459381,198,1
Overall Survival,Lev,1061,0.6322580645161292,0.5759551574432904,0.6832076073626502,197,1
Overall Survival,Lev,1092,0.6290322580645163,0.5726667405415055,0.6801078189350721,196,1
Overall Survival,Lev,1103,0.6258064516129035,0.5693808737193358,0.677005517627508,195,1
Overall Survival,Lev,1105,0.6225806451612906,0.5660975442244952,0.6739007166555533,194,1
Overall Survival,Lev,1112,0.6193548387096777,0.5628167397432415,0.6707934287961185,193,1
Overall Survival,Lev,1117,0.6161290322580647,0.5595384483910629,0.667683666397013,192,1
Overall Survival,Lev,1122,0.6129032258064518,0.5562626587037776,0.6645714413861079,191,1
Overall Survival,Lev,1135,0.6096774193548389,0.5529893596290302,0.6614567652800943,190,1
Overall Survival,Lev,1145,0.606451612903226,0.5497185405181712,0.6583396491928555,189,1
Overall Survival,Lev,1154,0.6032258064516131,0.5464501911185021,0.655220103843463,188,1
Overall Survival,Lev,1161,0.6000000000000002,0.5431843015658742,0.6520981395638177,187,1
Overall Survival,Lev,1178,0.5967741935483873,0.539920862377628,0.648973766305943,186,1
Overall Survival,Lev,1186,0.5935483870967745,0.5366598644458602,0.6458469936489468,185,1
Overall Survival,Lev,1191,0.5903225806451615,0.5334012990310077,0.6427178308056637,184,1
Overall Survival,Lev,1207,0.5870967741935487,0.5301451577557361,0.6395862866289869,183,1
Overall Survival,Lev,1215,0.5838709677419357,0.5268914325991249,0.6364523696179019,182,1
Overall Survival,Lev,1219,0.5806451612903228,0.5236401158911368,0.6333160879232332,181,1
Overall Survival,Lev,1252,0.57741935483871,0.5203912003073647,0.6301774493531109,180,1
Overall Survival,Lev,1262,0.574193548387097,0.5171446788640459,0.6270364613781674,179,1
Overall Survival,Lev,1295,0.5709677419354842,0.5139005449133363,0.6238931311364734,178,1
Overall Survival,Lev,1325,0.5677419354838712,0.5106587921388365,0.62074746543822,177,1
Overall Survival,Lev,1399,0.5645161290322582,0.5074194145513636,0.6175994707701542,176,1
Overall Survival,Lev,1405,0.5612903225806454,0.5041824064849615,0.6144491532997766,175,1
Overall Survival,Lev,1434,0.5580645161290324,0.5009477625931416,0.6112965188793041,174,1
Overall Survival,Lev,1509,0.5548387096774194,0.4977154778453525,0.6081415730494096,173,1
Overall Survival,Lev,1540,0.5515940388605926,0.49446442566932963,0.604967806777651,171,1
Overall Survival,Lev,1548,0.5483493680437656,0.49121578594534265,0.6017916912834468,170,1
Overall Survival,Lev,1568,0.5451046972269384,0.4879695540173023,0.5986132314699039,169,1
Overall Survival,Lev,1652,0.5418600264101114,0.4847257255535243,0.5954324319293716,168,1
Overall Survival,Lev,1709,0.5386153555932844,0.48148429654376945,0.5922492969463249,167,1
Overall Survival,Lev,1768,0.5353706847764574,0.47824526329650857,0.5890638305000402,166,1
Overall Survival,Lev,1829,0.5320862020477676,0.47496419163251336,0.5858410998855651,163,1
Overall Survival,Lev,1839,0.5287813188052348,0.4716628516952551,0.5825980646007245,161,1
Overall Survival,Lev,1850,0.5254764355627021,0.4683641009887258,0.5793525510069191,160,1
Overall Survival,Lev,1851,0.5221715523201694,0.46506793544299296,0.5761045626760741,159,1
Overall Survival,Lev,1879,0.5188456188659007,0.46175086595643816,0.5728356413770741,157,1
Overall Survival,Lev,1885,0.5154982277764434,0.4584124972588515,0.569545390111448,155,1
Overall Survival,Lev,1932,0.5121067920673877,0.4550276337156187,0.5662140195775663,152,1
Overall Survival,Lev,2023,0.5085504949002532,0.4514603857095712,0.5627366714928261,144,1
Overall Survival,Lev,2079,0.5048653463864832,0.4477507101600582,0.5591452244181707,138,1
Overall Survival,Lev,2128,0.5010114124446017,0.4438524292647826,0.5554062958108307,131,1
Overall Survival,Lev,2152,0.49690476152292457,0.4396672786580592,0.5514507916025315,122,1
Overall Survival,Lev,2171,0.4926937042218829,0.43536692236153945,0.5474031758492106,118,1
Overall Survival,Lev,2458,0.4851138010800078,0.42676393527712864,0.5409080666989362,65,1
Overall Survival,Lev,2593,0.47356347248286473,0.41230127404469413,0.5322734265181588,42,1
Overall Survival,Lev,2683,0.4592130642258082,0.3935954882935384,0.5222818148734583,33,1
Overall Survival,Lev,2718,0.4415510232940464,0.36988199647385545,0.510741772385186,26,1
Overall Survival,Lev,2910,0.3924897984835968,0.2827335969505318,0.5003704471672844,9,1
Overall Survival,Lev+5FU,0,1.0,1.0,1.0,304,0
Overall Survival,Lev+5FU,23,0.9967105263157895,0.9768798975262637,0.9995359942623281,304,1
Overall Survival,Lev+5FU,34,0.9934210526315789,0.9739520900180321,0.9983505923779469,303,1
Overall Survival,Lev+5FU,45,0.9901315789473684,0.9697175053825383,0.9968066053793702,302,1
Overall Survival,Lev+5FU,52,0.9868421052631579,0.965323906164772,0.9950412902009884,301,1
Overall Survival,Lev+5FU,79,0.9835526315789473,0.9609384550111976,0.993121173365768,300,1
Overall Survival,Lev+5FU,127,0.9802631578947368,0.9565976609384587,0.9910845713113473,299,1
Overall Survival,Lev+5FU,138,0.9769736842105262,0.9523083509562977,0.9889559900736762,298,1
Overall Survival,Lev+5FU,141,0.9736842105263157,0.9480691329369442,0.9867522503785372,297,1
Overall Survival,Lev+5FU,144,0.9703947368421052,0.9438763349509804,0.9844855024723352,296,1
Overall Survival,Lev+5FU,186,0.9671052631578947,0.9397258795908167,0.9821648691405608,295,1
Overall Survival,Lev+5FU,251,0.9638157894736842,0.9356138961219712,0.9797974112999246,294,1
Overall Survival,Lev+5FU,269,0.9605263157894736,0.9315368998130562,0.9773887295609063,293,1
Overall Survival,Lev+5FU,271,0.957236842105263,0.9274918164077084,0.9749433568566275,292,1
Overall Survival,Lev+5FU,274,0.9539473684210525,0.9234759527048436,0.9724650246439535,291,1
Overall Survival,Lev+5FU,276,0.950657894736842,0.9194869515525138,0.9699568492038715,290,1
Overall Survival,Lev+5FU,279,0.9473684210526314,0.9155227458171908,0.9674214655739205,289,1
Overall Survival,Lev+5FU,283,0.9440789473684209,0.9115815165056341,0.9648611260790769,288,1
Overall Survival,Lev+5FU,293,0.9407894736842104,0.9076616564516188,0.962277774284066,287,1
Overall Survival,Lev+5FU,302,0.9374999999999999,0.9037617395044959,0.9596731014805229,286,1
Overall Survival,Lev+5FU,304,0.9342105263157893,0.8998804946336383,0.9570485905079001,285,1
Overall Survival,Lev+5FU,324,0.9309210526315788,0.8960167842346639,0.954405550220862,284,1
Overall Survival,Lev+5FU,326,0.9276315789473683,0.8921695859518325,0.9517451429371597,283,1
Overall Survival,Lev+5FU,340,0.9243421052631577,0.8883379774138696,0.949068406540703,282,1
Overall Survival,Lev+5FU,355,0.9210526315789472,0.8845211233744616,0.9463762724613932,281,1
Overall Survival,Lev+5FU,363,0.9177631578947367,0.880718264836636,0.9436695804360856,280,1
Overall Survival,Lev+5FU,389,0.9144736842105262,0.8769287098164618,0.9409490907293289,279,1
Overall Survival,Lev+5FU,400,0.9111842105263157,0.8731518254651284,0.9382154943294654,278,1
Overall Survival,Lev+5FU,428,0.9078947368421051,0.869387031320543,0.9354694215162525,277,1
Overall Survival,Lev+5FU,430,0.9046052631578946,0.8656337935018215,0.93271144910759,276,1
Overall Survival,Lev+5FU,441,0.901315789473684,0.8618916196941158,0.92994210662647,275,1
Overall Survival,Lev+5FU,448,0.8980263157894735,0.8581600547986908,0.9271618815788628,274,1
Overall Survival,Lev+5FU,454,0.8947368421052629,0.8544386771453102,0.9243712239946237,273,1
Overall Survival,Lev+5FU,460,0.8914473684210524,0.8507270951818896,0.921570550353656,272,1
Overall Survival,Lev+5FU,484,0.8881578947368419,0.8470249445708843,0.9187602469962715,271,1
Overall Survival,Lev+5FU,490,0.8848684210526314,0.8433318856336663,0.9159406730983825,270,1
Overall Survival,Lev+5FU,498,0.8815789473684209,0.8396476010937739,0.913112163277655,269,1
Overall Survival,Lev+5FU,499,0.8782894736842104,0.8359717940777942,0.91027502988518,268,1
Overall Survival,Lev+5FU,503,0.8749999999999999,0.8323041863391258,0.907429565027924,267,1
Overall Survival,Lev+5FU,529,0.8717105263157894,0.828644516675215,0.9045760423597078,266,1
Overall Survival,Lev+5FU,550,0.8684210526315789,0.8249925395132952,0.9017147186723561,265,1
Overall Survival,Lev+5FU,576,0.8651315789473683,0.8213480236433502,0.8988458353136619,264,1
Overall Survival,Lev+5FU,578,0.8618421052631577,0.8177107510800973,0.8959696194547079,263,1
Overall Survival,Lev+5FU,580,0.8585526315789472,0.8140805160383738,0.8930862852256922,262,1
Overall Survival,Lev+5FU,583,0.8552631578947367,0.8104571240084809,0.890196034736593,261,1
Overall Survival,Lev+5FU,592,0.8519736842105262,0.8068403909198694,0.8872990589966565,260,1
Overall Survival,Lev+5FU,601,0.8486842105263157,0.8032301423831103,0.8843955387447251,259,1
Overall Survival,Lev+5FU,603,0.8453947368421051,0.7996262130014081,0.8814856452007719,258,1
Overall Survival,Lev+5FU,609,0.8421052631578946,0.7960284457440431,0.8785695407476086,257,1
Overall Survival,Lev+5FU,614,0.8388157894736841,0.7924366913750879,0.8756473795505503,256,1
Overall Survival,Lev+5FU,616,0.8355263157894736,0.7888508079315735,0.8727193081218138,255,1
Overall Survival,Lev+5FU,641,0.832236842105263,0.7852706602459856,0.8697854658355709,254,1
Overall Survival,Lev+5FU,642,0.8289473684210525,0.7816961195085869,0.8668459853988342,253,1
Overall Survival,Lev+5FU,643,0.825657894736842,0.7781270628655879,0.8639009932827281,252,1
Overall Survival,Lev+5FU,666,0.8223684210526315,0.7745633730496545,0.8609506101181497,251,1
Overall Survival,Lev+5FU,674,0.8190789473684209,0.7710049380396319,0.8579949510593539,250,1
Overall Survival,Lev+5FU,692,0.8124999999999999,0.7639034087246231,0.852068240474556,249,2
Overall Survival,Lev+5FU,693,0.8092105263157894,0.7603601139015168,0.8490973947571484,247,1
Overall Survival,Lev+5FU,696,0.8059210526315789,0.7568216723317981,0.846121685310679,246,1
Overall Survival,Lev+5FU,712,0.8026315789473683,0.7532879939659314,0.8431412044375342,245,1
Overall Survival,Lev+5FU,736,0.7993421052631579,0.749758992436771,0.8401560406240188,244,1
Overall Survival,Lev+5FU,765,0.7960526315789473,0.7462345848609554,0.8371662787499495,243,1
Overall Survival,Lev+5FU,802,0.7894736842105263,0.7391992363586267,0.831173283461927,242,2
Overall Survival,Lev+5FU,806,0.7861842105263158,0.7356881454832219,0.8281702034612108,240,1
Overall Survival,Lev+5FU,811,0.7828947368421053,0.7321813483529362,0.8251628325524827,239,1
Overall Survival,Lev+5FU,844,0.7796052631578948,0.7286787769691216,0.8221512402493212,238,1
Overall Survival,Lev+5FU,862,0.7763157894736843,0.7251803658784087,0.8191354934448658,237,1
Overall Survival,Lev+5FU,884,0.7730263157894738,0.7216860520500303,0.8161156565401392,236,1
Overall Survival,Lev+5FU,887,0.7664473684210528,0.7147094754875445,0.8100639582866123,235,2
Overall Survival,Lev+5FU,905,0.7631578947368421,0.7112270978053181,0.8070322143232277,233,1
Overall Survival,Lev+5FU,911,0.7598684210526317,0.7077485872928231,0.803996615235096,232,1
Overall Survival,Lev+5FU,916,0.7565789473684212,0.7042738914426818,0.8009572146216842,231,1
Overall Survival,Lev+5FU,961,0.7532894736842107,0.700802959577309,0.7979140642084165,230,1
Overall Survival,Lev+5FU,977,0.7500000000000002,0.6973357427696227,0.7948672139290743,229,1
Overall Survival,Lev+5FU,993,0.7467105263157896,0.6938721937683148,0.7918167120034,228,1
Overall Survival,Lev+5FU,1022,0.7434210526315791,0.6904122669273643,0.7887626050102382,227,1
Overall Survival,Lev+5FU,1138,0.7401315789473686,0.6869559181395082,0.785704937956522,226,1
Overall Survival,Lev+5FU,1145,0.736842105263158,0.6835031047734044,0.7826437543423865,225,1
Overall Survival,Lev+5FU,1151,0.7335526315789475,0.6800537856142435,0.7795790962226693,224,1
Overall Survival,Lev+5FU,1193,0.730263157894737,0.6766079208075831,0.7765110042650348,223,1
Overall Survival,Lev+5FU,1201,0.7269736842105264,0.6731654718061996,0.7734395178049471,222,1
Overall Survival,Lev+5FU,1212,0.7236842105263159,0.6697264013197617,0.7703646748976903,221,1
Overall Survival,Lev+5FU,1246,0.7203947368421054,0.6662906732671525,0.767286512367628,220,1
Overall Survival,Lev+5FU,1273,0.7171052631578949,0.662858252731273,0.7642050658548736,219,1
Overall Survival,Lev+5FU,1276,0.7105263157894739,0.6560032001063816,0.7580324577836702,218,2
Overall Survival,Lev+5FU,1279,0.7072368421052634,0.6525805036282697,0.7549413619711304,216,1
Overall Survival,Lev+5FU,1302,0.7039319970486968,0.6491428662401554,0.7518342894943308,214,1
Overall Survival,Lev+5FU,1306,0.7006271519921302,0.645708448372832,0.7487240453902463,213,1
Overall Survival,Lev+5FU,1365,0.6973223069355635,0.6422772198438711,0.7456106598015773,212,1
Overall Survival,Lev+5FU,1387,0.6940174618789968,0.6388491514338906,0.742494161924984,211,1
Overall Survival,Lev+5FU,1388,0.6907126168224301,0.6354242148538296,0.7393745800431263,210,1
Overall Survival,Lev+5FU,1424,0.6873918830877069,0.6319837611295728,0.7362386145181965,208,1
Overall Survival,Lev+5FU,1439,0.6840711493529837,0.6285464555751088,0.7330995690543595,207,1
Overall Survival,Lev+5FU,1446,0.6807504156182606,0.6251122711916672,0.7299574700732183,206,1
Overall Survival,Lev+5FU,1495,0.6774134037769945,0.6216621583882331,0.7267986544862959,204,1
Overall Survival,Lev+5FU,1511,0.6740763919357285,0.6182151862962402,0.723636785101495,203,1
Overall Survival,Lev+5FU,1521,0.6707393800944625,0.6147713291475629,0.7204718866257085,202,1
Overall Survival,Lev+5FU,1550,0.6674023682531967,0.6113305620106865,0.7173039829887695,201,1
Overall Survival,Lev+5FU,1607,0.6640653564119307,0.607892860764453,0.7141330973669956,200,1
Overall Survival,Lev+5FU,1620,0.6607283445706646,0.604458202073072,0.7109592522056362,199,1
Overall Survival,Lev+5FU,1637,0.6573913327293986,0.601026563362325,0.7077824692402808,198,1
Overall Survival,Lev+5FU,1668,0.6540543208881326,0.597597922796902,0.7046027695172795,197,1
Overall Survival,Lev+5FU,1671,0.6507173090468666,0.5941722592588115,0.7014201734132278,196,1
Overall Survival,Lev+5FU,1752,0.6473802972056008,0.5907495523268057,0.69823470065356,195,1
Overall Survival,Lev+5FU,1767,0.6440432853643347,0.5873297822567726,0.6950463703302958,194,1
Overall Survival,Lev+5FU,1783,0.6407062735230687,0.5839129299630439,0.6918552009189831,193,1
Overall Survival,Lev+5FU,1798,0.6373692616818027,0.5804989770005737,0.6886612102948708,192,1
Overall Survival,Lev+5FU,1812,0.6340146866203196,0.5770676810219315,0.6854494428093723,190,1
Overall Survival,Lev+5FU,1831,0.6305875802061557,0.5735556454801285,0.6821731396831502,185,1
Overall Survival,Lev+5FU,1856,0.6271417464345374,0.5700251827553052,0.6788779010073904,183,1
Overall Survival,Lev+5FU,1995,0.6234955734901505,0.5662651042362383,0.6754107065503768,172,1
Overall Survival,Lev+5FU,2021,0.6197620670620657,0.5624068959646327,0.6718668287351494,167,1
Overall Survival,Lev+5FU,2052,0.6159126132293821,0.5584167902994652,0.668222647706955,161,1
Overall Survival,Lev+5FU,2127,0.611694033686715,0.5539914747658847,0.6642725275039636,146,1
Overall Survival,Lev+5FU,2174,0.6071962834390187,0.5492348173068917,0.6600932025282735,136,1
Overall Survival,Lev+5FU,2197,0.6024152103410736,0.5441391416352841,0.6556839524974926,127,1
Overall Survival,Lev+5FU,2318,0.5965091788671416,0.537618992904445,0.6504273334957965,102,1
Overall Survival,Lev+5FU,2482,0.5882243291606535,0.5278213954304755,0.6436058919646812,72,1
Overall Survival,Lev+5FU,2542,0.5771257569123394,0.513804741537465,0.6352347186696435,53,1
Overall Survival,Lev+5FU,2725,0.5606364495719868,0.49078930276716076,0.6246900747940624,35,1
